"w1","w2","iportfolio","sdp","sharp","des"
0.31,0.69,0.0138337758333333,0.0415679712880122,0.332798917163486,"Minimal risk portfolio"
0.25,0.75,0.0140377708333333,0.0418354725819492,0.335547084016692,"Maximum efficiency portfolio"
-1,2,0.0182876666666667,0.116836818911392,0.156523147729107,"Maximum rate of return portfolio"
1,0,0.0114878333333333,0.0713119730560616,0.161092630606395,"Max weight one portfolio"
0,1,0.01488775,0.048830371618225,0.304887091918904,"Max weight two portfolio"
